Name,,,,
Vermont Canyon Tennis Courts,,,,
Griffith Park Riverside Tennis Courts,,,,
Santa Monica Beach Tennis Courts,,,,
Cheviot Hills Tennis Center,,,,
Penmar Recreation Center Tennis Courts,,,,
Manhattan Heights Park Tennis Courts,,,,
Venice Beach Basketball Courts,,,,
Pan Pacific Park Basketball Courts,,,,
Hermosa Beach Basketball Courts,,,,
Veterans Memorial Park Culver City Basketball Courts,,,,
Culver City Plunge,,,,
Santa Monica Swim Center,,,,
Belvedere Park Pool,,,,
Begg Pool,,,,
Manhattan Beach,,,,
Hermosa Beach,,,,
Dockweiler State Beach,,,,
El Matador State Beach,,,,
The Huntington Library Art Museum and Botanical Gardens,,,,
Descanso Gardens,,,,
Los Angeles County Arboretum and Botanic Garden,,,,
South Coast Botanic Garden,,,,
Exposition Park Rose Garden,,,,
Greystone Mansion and Gardens,,,,
Virginia Robinson Gardens,,,,
Self-Realization Fellowship Lake Shrine,,,,
The Getty Center,,,,
The Getty Villa,,,,
Eames House,,,,
Neutra VDL Studio and Residences,,,,
Stahl House,,,,
Schindler House,,,,
Gamble House,,,,
Hollyhock House,,,,
Ennis House,,,,
Bradbury Building,,,,
Los Angeles Central Library,,,,
The Last Bookstore,,,,
Skylight Books,,,,
Vroman's Bookstore,,,,
Book Soup,,,,
Chevalier's Books,,,,
Hennessey + Ingalls,,,,
Stories Books and Cafe,,,,
Arcana Books on the Arts,,,,
The Iliad Bookshop,,,,
Vista Theater,,,,
The Egyptian Theatre,,,,
New Beverly Cinema,,,,
Aero Theatre,,,,
Nuart Theatre,,,,
Los Feliz 3,,,,
Brain Dead Studios,,,,
The Landmark Westwood,,,,
El Capitan Theatre,,,,
Chinese Theatre,,,,
The Orpheum Theatre,,,,
The Theatre at Ace Hotel,,,,
The Wiltern,,,,
Pantages Theatre,,,,
Walt Disney Concert Hall,,,,
Hollywood Bowl,,,,
The Broad,,,,
MOCA Grand Avenue,,,,
Hauser & Wirth,,,,
LACMA,,,,
Hammer Museum,,,,
California African American Museum,,,,
Autry Museum of the American West,,,,
Natural History Museum of Los Angeles County,,,,
Academy Museum of Motion Pictures,,,,
Los Angeles State Historic Park,,,,
Elysian Park,,,,
Griffith Observatory,,,,
Echo Park Lake,,,,
Silver Lake Reservoir,,,,
Kenneth Hahn State Recreation Area,,,,
Runyon Canyon,,,,
Will Rogers State Historic Park,,,,
Point Dume,,,,
Malibu Pier,,,,
Venice Canals,,,,
Olvera Street,,,,
Union Station Los Angeles,,,,
Watts Towers,,,,
Heritage Square Museum,,,,
