entity_id,name,google_place_id,website,latitude,longitude
0cec59a6-d037-4891-b082-eadb7e449c08,1001 Cheeses Biarritz Halles,ChIJY0XlweZrUQ0R6i9uoS1ltug,,43.48106090,-1.56230830
9af072fc-6085-488d-9980-29a8e9e39656,1642,ChIJtfpJdgbHwoARMPA3laMKsAI,https://www.1642bar.com/,34.06825100,-118.26236670
f0c41122-d4a1-430a-9fcd-344af90fc78d,50 Rue d'Espagne,ChIJiWYNZitrUQ0RvKdS1MXBUh0,,43.47454800,-1.56392200
3398bcf3-ebc8-4807-900a-99d09531afd4,50 Rue d'Espagne,ChIJRaNfDoxAUQ0RC8H-SuesFs4,,43.48949100,-1.47685070
cb7e6aef-4ed2-4c90-aa11-c92f5c5fef24,8540 S Sepulveda Blvd,ChIJ3Vl5CM2wwoARH3ZCjzo_lOI,,33.96011440,-118.39572600
c1575ce5-87e5-40ce-a5ee-0a56123c4733,"88 Club,restaurant,3-hot2025,Mei Lin (Top Chef winner)",ChIJi_R5HMm9woARv_qBcJatv_0,https://www.88clubbh.com/,0.00000000,0.00000000
d99ab81d-ac9c-4c7f-babc-921dc8da4411,ARENALES DONOSTIA,ChIJNb01AU6lUQ0R7RsNg4n96FU,https://uqr.to/pcvp,43.32226760,-1.98309530
91b3e966-d7ce-4a15-b728-772f46c8bd99,"Ace Hotel Downtown Los Angeles,hotel,hotel-neighborhood,Restored historic DTLA building - rooftop",,,0.00000000,0.00000000
7361e789-65be-4681-aa97-645658495267,Aiete,ChIJsWBgs-CvUQ0R91FzKmPNIC4,,43.30788360,-1.99021960
1f7e38d6-90e6-48b5-b519-a0502a267d1c,Alan Wong's Honolulu,ChIJd6nRF5NtAHwRpwT4MbZic1c,https://www.alanwongs.com/,21.29515730,-157.83175700
0b9d4be0-34b2-445c-b4bf-77c5538f0b89,Alba Los Angeles,ChIJK1i52rK_woARSal9_H7GrGc,https://www.cucinaalba.com/,34.08284500,-118.37501220
571c08b9-10ee-49bb-bcbe-8402ab599679,Alejandra's Quesadilla Cart de Oaxaca,ChIJaT4PZsXHwoARS-vewm09HHo,,34.07622860,-118.25779110
81513430-c4f3-4241-b0ed-51d2c634f8e1,Alta Adams,ChIJ5XZfNW65woARIhG9hN44XQ4,http://altaadams.com/,34.03269640,-118.35998320
5c5e31f1-d750-45ec-a26c-999f365a6cb5,Anajak Thai,ChIJn-ihusWXwoARE6yGp6tPoIM,http://www.anajakthai.com/,34.15151210,-118.45337880
bf8030c3-62bd-425d-bc3a-41fcb51eb901,"Angel's Tijuana Tacos,restaurant,3-hot2025,Al pastor specialist - Resy pick",ChIJufsBaGXBwoAR5ZyunDVI1tc,,0.00000000,0.00000000
907f5f74-2275-42cd-a8ed-f4cd69d4699d,Arcana Books on the Arts,ChIJbUsBG4O5woAR36lFBdtnk04,http://www.arcanabooks.com/,34.03010810,-118.38350800
6965d6da-cda7-44e8-ac98-e4a865d2e56e,Arnold's Beach Bar,ChIJR8FQkYptAHwRgJaOmLChBR0,https://m.facebook.com/Arnoldswaikiki/,21.28126070,-157.83114010
3f4461a3-6074-4fa9-b170-364b8e7d282e,"Augustine Wine Bar,wine bar,5-wine-bar,Sherman Oaks",ChIJ0V8uySeWwoARiOu1BAeRCdU,http://www.augustinewinebar.com/,34.14706580,-118.42686130
59eb5040-1690-4f26-b463-041855c99174,Baby Bistro,ChIJpboOd2HHwoAR0kwNDqK4cgw,https://babybistrola.com/,34.06562130,-118.24696510
dee41e01-98ca-4495-8a02-ea7f2bcf2f48,Baja Subs Market & Deli,ChIJoUefmK2bwoARMQzl_Y6VKfE,,34.23092840,-118.53650730
793dfcc5-6c68-4b47-9dae-f0bc2614a1ef,Bar Covell,,https://barcovell.com,,
8e05af40-46d5-4fc1-ae34-e20e8dfdd810,"Bar Covell,wine bar,5-wine-bar,Los Feliz",ChIJD2HKqa3AwoAR8JTi02ZS2Hc,http://www.barcovell.com/,34.09997500,-118.29013920
99f828b8-e70f-4cee-b86f-eaf155958548,Bar Leather Apron,ChIJTd6rUXNuAHwRD0iI21iD3AM,http://www.barleatherapron.com/,21.30779620,-157.86351580
b2434829-e48a-419e-bad4-2cd8cfa73385,Barabba,ChIJ2W1BWxhTUkYRdPRopYGyxSc,http://www.barabba.dk/,55.68260530,12.58643330
5eb49a8b-d778-4ace-a159-375c228230c8,Barranco's Fruit,ChIJy5TEdG3WwoARLZGdFN0MMqg,,34.02884000,-117.95102500
1466d85c-beb9-4b17-912b-f5462beff6d0,Bavel,ChIJAQDw5jzGwoARJ0ddsqWyCAQ,https://baveldtla.com/,34.04148700,-118.23293130
970410ca-8b48-40b8-9c3c-30e0eaca488a,"Beethoven Market,restaurant,3-hot2025,Mar Vista Italian - Infatuation #10 - neighborhood gem",ChIJlwU_uvC6woAR9hXvi7zlRSg,https://www.beethovenmarket.com/,0.00000000,0.00000000
da53e22f-2441-4b47-ba46-be0d0e8e5f01,Belza Surf Shop Biarritz,ChIJB2uYQ8NrUQ0R2j3_8liPYZE,,43.48177380,-1.56470390
1af2e0ab-c231-4a44-9b90-f8b50107f948,"Berenjak,restaurant,3-hot2025,Persian from London - Arts District buzzy",ChIJi-NVGiDGwoARSYqOhBs8jYc,https://berenjak.com/locations/downtown-los-angeles/,0.00000000,0.00000000
fcfd0d6c-f53b-4eee-8155-b85c47482bea,"Bestia,restaurant,1,Arts District Italian - perennial every-list staple",ChIJSRvZ1yHGwoARcLrfvc-APl4,http://www.bestiala.com/,0.00000000,0.00000000
280edc04-605d-4cf7-8be0-fdb91e3c7c0d,Betsy,ChIJyROYYDXDwoARx_7TxDXZi6Q,https://betsyaltadena.com/,34.18814550,-118.13167480
e6b8f529-c5e0-4136-80e3-54f14de3441d,Bia Om,ChIJNxZi9oXHwoARCI2P5y_RsNI,https://bia-om.com/menu,34.06989580,-118.25070200
22b32565-e73c-48e8-b04a-707bb69272fb,Bibble & Sip,ChIJk5I-rVdYwokREJuq-CY6pEg,http://bibbleandsip.com/,40.76284150,-73.98517810
b126fe54-b52c-432e-a4ed-75aeeff83bd9,Bradbury Building,ChIJBYuC8kvGwoAROxBTjwqfWpU,https://thebradburybuilding.com/,34.05060400,-118.24785730
f3f5b567-12ef-4c67-a835-c3f2fe43cb61,Bridgetown Roti,ChIJne7Az-rHwoARQhCf1NoVpsY,http://www.bridgetownroti.com/,34.08700060,-118.29152000
8e76fabf-7e8a-47eb-b2b7-fb1bdc593a82,"Bub & Grandma's,restaurant,4-iconic,Pizza cult following",,,0.00000000,0.00000000
place_budonoki_1771305000799,Budonoki,ChIJD5LuBp3HwoARqHfw3wOS7VA,https://www.budonoki.la/,34.03412300,-118.44951200
bed05625-221c-425d-908d-d2df59668320,Burritos La Palma,ChIJxztAvPDZwoARUKqI04RO2uE,http://burritoslapalma.com/,34.09579610,-118.01176990
3d9fb043-4168-4e65-b4ec-088c0a7073b5,Buvons,,https://www.buvonswine.com,,
dcc9711e-91b1-4286-944b-3ca87b42d0f3,Bæst,ChIJfXsI359TUkYRXn0Fbeq4Uy0,http://baest.dk/,55.69231170,12.55607790
0b954c43-8988-477d-b5ff-d6621a168b93,Café Haleiwa,ChIJ_cU8f8NfAHwRLvbpmTPs87s,https://www.cafehaleiwahawaiianislands.com/,21.58129770,-158.10498040
beccc604-fd4c-4aa5-b42b-56a058d419e9,"Camphor,restaurant,2-michelin,1 Michelin star - Arts District French",ChIJNW1lfmzHwoARxzp7unjgv-0,http://www.camphor.la/,0.00000000,0.00000000
6ff03197-4613-41f1-99cd-0021e1b2019c,Camélia,ChIJp01x8r7HwoARHdyVH9NySTs,https://cameliadtla.com/,34.03557400,-118.23259040
677af507-3b52-4182-8b68-5b014a1f04dc,Canyon Coffee,ChIJXTqttEHHwoARFC6wPoE4fOU,https://canyoncoffee.co/,34.08136260,-118.25469150
6e61406d-e9a4-4f6e-b5de-4c539773419f,Cara Hotel,ChIJ_72WeFC_woARaXeiD_y7hy8,http://carahotel.com/,34.10287070,-118.30867730
a6b960af-334c-41dd-9d9b-34601fba00d1,Carøe,,,,
0327b7c0-6786-44e8-bc25-054c9d47734b,"Cave Rembrandt – Vins bio & naturels, champagnes, spiritueux",ChIJvdrcxrnbzRIRgaRLeopeXhI,https://cave-rembrandt-nice.fr/,43.70391440,7.28899920
b24be64a-0699-4253-8794-1cbf320792fd,"Chateau Marmont,hotel,hotel-iconic,Legendary Hollywood escape - old-world glamour",ChIJKROQJcC-woARXQdWnTspoVk,https://www.chateaumarmont.com/,0.00000000,0.00000000
077bb2b8-3a0b-44b2-a9dd-4e5915809a5b,"Chengdu Taste,restaurant,4-iconic,SGV Sichuan essential",ChIJfexi_j7FwoARBvFOjLFRM7I,https://www.fetail.com/storev2/shop?store_id=23,0.00000000,0.00000000
84cdfb99-80ae-4f9d-8b19-983281497827,Chi Spacca,ChIJwbQBbdO4woARHT4khoXPnok,http://www.chispacca.com/,34.08327490,-118.33908660
669af14d-e4fd-4082-9baf-4c3c0db65e59,Chéri Bibi,ChIJ6QoKfCtrUQ0RTafsW1qWU5Q,http://www.cheribibibiarritz.com/,43.47454820,-1.56388330
5dffb7d3-30fc-4f7d-8f4c-a81fe1481b2f,"Citrin,restaurant,2-michelin,1 Michelin star - Santa Monica",,,0.00000000,0.00000000
03424627-0f5b-45bf-bd91-5e9dc8fd148f,Clark Street Bakery,ChIJw39VcmTHwoAR41_JNE9f480,https://clarkstreetbakery.com/,34.06651890,-118.26070320
4c6e5c4f-03a8-4f4d-b478-6878b8e0de0e,"Comedor,restaurant,3-hot2025,Ray Garcia comeback - Westside",,,0.00000000,0.00000000
a0a04d97-7499-414d-83d6-826a223a2a46,"Coni'Seafood,restaurant,4-iconic,Nayarit-style seafood - Inglewood",ChIJkyZE_nG6woARWEi-j3XdO2s,http://www.coniseafood.com/,0.00000000,0.00000000
72b31ba2-5081-4417-a129-a4fd1c295283,Cookbook Market - Echo Park,ChIJu7pgbh7HwoARFzTtEnYYM4Y,http://www.cookbookla.com/,34.08117150,-118.25476180
407fd6dc-1ca3-4b3d-a023-e302ef0e88b6,Coucou French Classes LA,ChIJc3Tj3zrBwoARyeBwjUdMKB4,http://coucoufrenchclasses.com/la,34.10273260,-118.27279890
ecbee21b-e996-4462-923e-348e4350b966,Creekside Village,ChIJdZCo9cYg6IARYFg_0XiIyKE,,34.14420200,-118.69939020
2b2d6377-85b1-4bf0-b9ac-2727bedbc702,Culver City Plunge,ChIJDYcpnCO6woARQTFzB5-oe2U,http://www.culvercity.org/live/get-involved/recreational-activities/culver-city-pool,34.01217270,-118.40148830
aa11d03f-9345-42b8-b817-34b455be990c,DADA ECHO PARK,ChIJje8WdpLHwoARJqzl2xsrZkc,https://www.dadaechopark.com/,34.07647410,-118.25799630
c6ce5b92-2a7f-4872-b394-2626c5864742,Dada Market,ChIJI0OFopzHwoARmj49dTVY6g0,https://www.dadamarket.com/,34.07662670,-118.25782440
5af44f91-e94d-41a8-a44f-b7d67d9a6fc8,Dan Tana's,ChIJreK-k6i-woARSyd335Nkcr0,https://dantanasrestaurant.com/,,
cef67084-500d-4a6b-ba85-fe444dd62a7c,Descanso Gardens,ChIJx9y0KwfqwoAR5-sWU6kp8iA,http://www.descansogardens.org/,34.20111380,-118.20972360
089e4cc0-1874-4ace-bd9d-99c292c160ce,Dive to Wine,ChIJ5zmV25iMGGARiFwJw0UF1yk,http://www.divetowine.com/,35.67031620,139.71360630
11a7d3d2-c01e-46bf-a12c-fa358e6428da,Dockweiler State Beach,ChIJ1asLRlSwwoARcbzH4K6wTPc,http://beaches.lacounty.gov/dockweiler-beach,33.93053040,-118.43566320
a4773c4a-9922-4972-bb51-5c43299e7165,Donna's,ChIJhyFWHlPHwoARElRKU5zEEsw,https://www.donnasla.com/,34.07629290,-118.25665630
7266e7e5-72b3-422c-b319-5e8b9ac84f4e,Downtown L.A. Proper Hotel,ChIJPVoyBWbHwoAREu--ZMmvEpA,https://www.properhotel.com/downtown-la/?utm_source=local-listings&utm_medium=organic&utm_campaign=local-listings,34.03937570,-118.25898190
456efc3e-2104-46da-a99a-e6b8235e0ef4,Dumpling Darlings (Amoy Street),ChIJXf7jiAsZ2jERF3uqEy1oVR0,http://www.dumplingdarlings.com.sg/,1.28049090,103.84695270
029eb806-0c5a-4e29-8b23-b254718e44e3,Dunsmoor,ChIJQxbwUsHBwoARqt0NKxponhU,https://www.dunsmoor.la/,,
64bd978a-0d7c-4703-804b-06f7f463e62c,"Edariak, Cave à Vins",ChIJMZlTuRprUQ0RflBKrZk82_Y,http://instagram.com/edariak_biarritz,43.48032370,-1.55854620
9312c6e6-0921-4822-bb6b-e3a9ab4ffb55,Eightfold Coffee,ChIJjxBGwf3GwoARaszNbZnssKg,https://eightfoldcoffee.square.site/,34.07118020,-118.25083130
3a722760-a67e-44a2-a73a-03f7ef8ff275,El Prado,ChIJa-yZkxvHwoARF8aDKibbOtw,,34.07786790,-118.25953190
aab7c61f-e42a-4375-9192-fa2912a75652,Elysian Park,ChIJi7sKSe7GwoARnq0rarjBPC8,,34.07957920,-118.23616160
3cd72c30-fc68-45aa-885a-f25c1bf2fae4,Endorffeine,ChIJsTjh9VrGwoARfOkMqZCZRXQ,http://endorffeine.coffee/,34.06143600,-118.23975890
c5241182-299f-46dd-ad5e-399075f7c2bb,Ennis House,ChIJGVMxsUfBwoAR29CvRYADzgQ,,34.11623490,-118.29290760
610f7169-e4f0-4740-8c9f-70893715a773,"Esters Wine Shop & Bar,wine bar,5-wine-bar,Santa Monica",ChIJ5Zhalc6kwoARm4tOh2YqVZ8,http://www.esterswineshop.com/,34.01957640,-118.49358440
3d59b8a7-5c52-4913-8303-79e26b3ecc0f,Ethel's Grill,ChIJfx5B2VxuAHwRQvhZNe-MRU8,,21.32240670,-157.88425550
f664e66f-843c-4d4f-8954-47320a692aa5,Found Oyster,,https://foundoyster.com,,
4850809d-6a43-4701-8fca-036daeb7a3a6,Freehand Los Angeles,ChIJE80IjrXHwoARZo6wiQusTrc,https://freehandhotels.com/los-angeles/?utm_source=google-my-business&utm_medium=organic&utm_campaign=hotel-los-angeles,34.04475510,-118.25645560
fca0afc9-04eb-46d4-abe2-a5e39a8a52d7,Gamble House,ChIJQ0LBQ6DDwoARCnmqzVfpLRQ,https://gamblehouse.org/,34.15165130,-118.16096240
70d07bae-98a1-466c-839b-c2c5945c9212,Gjelina,ChIJGU5p6ri7woARaCOqe4haSl0,http://www.gjelina.com/,33.99049700,-118.46496510
efa90623-b0b3-4e74-b0b7-2cd08a10a022,"Gjusta,restaurant,4-iconic,Venice bakery/deli - Gjelina family",ChIJIb5F-cW6woARd4CTt6yz_pg,https://gjusta.com,0.00000000,0.00000000
01740682-da38-46ac-bb5c-151bb52a2dce,"Go Get Em Tiger,coffee,6-coffee,Multiple locations",,,0.00000000,0.00000000
9d00545a-819b-4915-b1e6-2fab555fb7d0,"Gold Diggers,hotel,hotel-boutique,East Hollywood - music venue/bar/hotel hybrid - 18.4 rating",ChIJRzgRy3-5woARAjIJY4NIfPk,https://gold-diggers.com/pages/drink,0.00000000,0.00000000
623cec55-60f5-4910-8277-e64a1d6e0358,Granada,ChIJb_FxThrHwoAR5vLcOXrnCtc,https://granada-la.com/,34.07066950,-118.25624300
054d9ffa-0bb8-4067-b5c2-f84d16066d3a,Great White,ChIJ_Vof54W5woAReyLh-5XMF90,http://greatwhitevenice.com/,34.07587850,-118.32339310
fc8b73bc-7977-4d7d-8459-208f6911d755,Griffith Observatory,ChIJywjU6WG_woAR3NrWwrEH_3M,https://griffithobservatory.org/,34.11843410,-118.30039350
a48e89b7-4a2a-4366-baf8-3910a2f93bce,Grá,ChIJ35H4d-fHwoARK-W7Ikwq5VU,http://grá.com/,34.06659010,-118.26084670
10da04a9-d760-4dc0-819e-3f56189b1a0d,Gucci Osteria da Massimo Bottura,ChIJmY8Ttaa7woARqE-Ss5DafEo,https://www.gucciosteria.com/en/beverlyhills/?y_source=1_MTU0MDI1NDItNzE1LWxvY2F0aW9uLndlYnNpdGU%3D,34.06860470,-118.40269850
ba92593c-579a-4364-8634-d96a768e5ae0,Gyukatsu Motomura Shibuya Branch,ChIJn2FoeFmLGGARnIog2ijRZXw,https://www.gyukatsu-motomura.com/shop/shibuya,35.65697700,139.70399810
e0e938e8-6946-47fa-9092-c5c1688be83c,"HMS Bounty,bar,4-iconic,Koreatown dive - new Eater 38 addition",ChIJq0s4r33HwoARAxVYxf8ypbk,http://www.thehmsbounty.com/,0.00000000,0.00000000
63cb80c5-68cb-4419-942f-0ccf6d52d797,Haleiwa Joe's Haiku Gardens,ChIJK3Frma1rAHwR14f_NgsLLCs,https://www.haleiwajoes.com/kaneohe-menu,21.41440580,-157.81544490
e0e50146-aed0-46f2-beef-b3ca7496bb7a,Hammer Museum,ChIJ9SNj34G8woARHOdEq52UX6k,https://hammer.ucla.edu/,34.05912170,-118.44366740
1545fda3-5d3d-4101-8eb9-20c5bfdadf2b,Hauser & Wirth,ChIJ0yp3zD7GwoARoWoWU4X2g8g,https://www.hauserwirth.com/,34.04609210,-118.23490440
003245fc-ad9b-4225-9440-faaf83dc1f68,Hayato,ChIJt1RlQi_GwoARja7mYeFk2YI,https://hayatorestaurant.com/,34.03376510,-118.24194570
756d9e98-8ddd-4c51-a519-2d5f7c408d83,Heritage Square Museum,ChIJ7Yhdw5zGwoARMQi5JDOtpuE,http://heritagesquare.org/,34.08824970,-118.20797560
9cbaa416-fcf3-441b-aa17-ca02dbd1f279,Hermon's,,https://www.hermonsla.com,,
0a5864db-e933-4740-a91b-c1936ee33620,Holbox,ChIJMc9-jgrIwoARvFaE32ZlJzA,http://www.holboxla.com/,34.01735600,-118.27840500
6af88462-4331-4390-bd60-30f0648a5ae9,Honey Hi,ChIJe1OEhhzHwoARgvlgRluHI7U,http://honeyhi.co/,34.07691190,-118.25809940
d72ff495-2588-41d6-886d-4978202e1a53,"Hotel Bel-Air,hotel,hotel-iconic,Dorchester Collection - secluded Westwood luxury",ChIJ4XfXK_G8woARbUYxTMpyDo8,https://www.dorchestercollection.com/los-angeles/hotel-bel-air/dining/the-restaurant-at-hotel-bel-air?utm_source=google&utm_medium=hba_local_profile&utm_campaign=the_restaurant&utm_content=la_dining,0.00000000,0.00000000
9ef3e0b2-0cd9-4a35-a75e-606cd856a037,"Hotel Covell,hotel,hotel-boutique,Intimate Los Feliz gem - bespoke design",ChIJOwhhqK3AwoAR5kk9OjQ0mhA,http://www.hotelcovell.com/,0.00000000,0.00000000
adb801af-5997-470c-b62b-e8dc5540a127,Hotel San José,ChIJ42oNp_20RIYRfFmBk743Hl8,https://www.hyatt.com/en-US/hotel/texas/hotel-san-jose/auske?src=corp_lclb_google_seo_auske&utm_source=google&utm_medium=organic&utm_campaign=lmr,30.25065710,-97.74955360
77437345-e9d7-4ec6-9af7-e7d4a6f7143b,Hotel Sanders,ChIJ9di4Yz1TUkYRSqrY2LJndpw,https://hotelsanders.com/,55.67840560,12.58755930
7f905b8b-6489-45a5-a2b1-edefc76e2245,"Howlin' Ray's,restaurant,1,Hot chicken - huge editorial footprint",,,0.00000000,0.00000000
c6d79feb-e86b-4d61-a09f-42d8d934222e,Hôtel Le Garage Biarritz,ChIJDRxdsIRrUQ0RXq1A7zni7qg,https://www.hotel-garage-biarritz.fr/,43.49060130,-1.55170640
ed6eaf54-00f5-45f6-80bf-b35197b6960f,"Intelligentsia Coffee,coffee,6-coffee,Silverlake/Pasadena",,,0.00000000,0.00000000
3a6281a1-3b69-4fcb-ac1d-eb4c99be5e39,"Intelligentsia Coffee,coffee,6-coffee,Silverlake/Pasadena",ChIJ763W4UjHwoARhP2LIuCn2dU,https://www.intelligentsia.com/pages/silver-lake-coffeebar,34.09206420,-118.28024770
e98bad96-dd5b-4e75-8af4-33f75e947ae1,"Jitlada,restaurant,4-iconic,Thai Town legend",ChIJsR6mEFS_woAR-bYcpwWGTSg,http://jitladala.com/,34.09857210,-118.30407800
d09cb3f9-b1dd-4142-a381-524ed1ceeb63,"Jitlada,restaurant,4-iconic,Thai Town legend",,,0.00000000,0.00000000
1cfb2fe0-6a19-464a-8d42-50d83cd11c7f,"Jon & Vinny's,restaurant,1,Fairfax - massive editorial coverage",,,0.00000000,0.00000000
f436943b-1eac-4f11-8610-fe773f0ded66,"Kismet,restaurant,4-iconic,Los Feliz Middle Eastern",ChIJD1Q7U6zAwoAR5-VymMH76V0,http://kismetla.com/,0.00000000,0.00000000
8a61e41b-f083-450c-8145-1979a8b6d2f1,"Konbi,restaurant,4-iconic,Cult Japanese bakery",,,0.00000000,0.00000000
4c16c305-f557-4108-9ff8-0e554bbb822b,Kuya Lord,ChIJx-fAMlC5woAR4sMclHgF3NA,https://kuyalord.com/,34.08369650,-118.30949050
e184dd84-ba62-40da-ade5-a1d3710f49d4,Kyung's Seafood,ChIJe3Ry0ehtAHwROTcC_sXBWoQ,,21.29912770,-157.84259030
29d7d519-9058-4995-8773-7cb41df69325,L'Important Club,ChIJ-xK88-1z5kcRHWabGDpij6Y,https://milaclubparis.com/,48.85394710,2.37215610
62653c27-d8c2-4acd-8af4-2f0f46398ce4,LA Tutors 123,ChIJde_lukXGwoARjOiamTABw2U,http://www.latutors123.com/,,
8235c558-c1b9-4473-9bbc-8ba837ff0698,La Bête Noire,ChIJ18aVNMFx5kcRbY23i47sh0Y,https://www.labetenoirerestaurant.fr/,48.83973550,2.33766310
b249d0f2-aa3b-44e1-8cfd-07308ca73c7d,La Fe,ChIJERg-8mnHwoARVLDwPHHG26A,https://lafeonsunset.com/,34.07634150,-118.25584180
66b8aa9c-36fd-46cf-81dc-8da21e944ee6,La Mariana Sailing Club,ChIJ06Xa8E9uAHwR287O0INHQ48,https://la-mariana-sailing.club/,21.32184830,-157.89315260
c551ebe6-7ce5-40f9-8f35-56148a186095,"Langer's Delicatessen,restaurant,1,Iconic pastrami - Jonathan Gold Hall of Fame",,,0.00000000,0.00000000
639c93a2-47d5-46f0-9c08-1a373e2ab7dd,Lasa,ChIJk3enX1rGwoARARB8Q8dTh1I,http://www.lasita-la.com/,34.06147200,-118.23948170
0eb09039-790f-4f66-8e41-c3ab47bc2c31,Laut,ChIJv_vCZ6JZwokR_2lI72wJsl0,http://www.lautnyc.com/,40.73758430,-73.99109910
d97737ca-744d-47b8-b1e4-6c1861128c4a,Laverie Speed Queen Biarritz,ChIJGQn2MFdrUQ0R48OXP_grpbE,http://www.laverie-biarritz.com/,43.47821610,-1.55661490
5b7286ff-cbbe-488b-b395-a41b1977a0c1,Laverie jaulerry,ChIJFXuHLihrUQ0REFewNwWPHlQ,http://www.laverie-biarritz.fr/,43.48067100,-1.56016520
a2cabea9-55cc-4b88-829e-a4c327f72118,Laveta,ChIJmehuWGLHwoARsQ1AqMOtOJs,https://gourme.top/businesses/laveta,34.06611280,-118.26017330
ec073f38-6b01-4dc6-ae1d-2078c98970b7,Le Bar Jean,ChIJz6ck8ihrUQ0R2WP144CN4Is,http://www.barjean-biarritz.fr/,43.48133400,-1.56254600
8200ca60-de56-4183-bee7-5f2ce8224221,Le O2 Verdun,ChIJocRat9BqUQ0RGwNhGV-Ngz4,,43.48194440,-1.55416670
9e6869d5-400e-4828-8500-98fbc66a4842,Le Txamara,ChIJe41AWJoTUQ0R7mHAb35UTHk,https://www.txamara.com/,43.42594020,-1.61072210
9d15ef39-88a6-418f-9529-156e8ca038bc,Leo's Tacos Truck,ChIJdXWFXL7HwoARKe_whoFiTwM,http://www.leostacostruck.com/,34.06768020,-118.26116760
5528aec8-3133-49cc-9bc3-2727fae5ece1,Littered with Books,ChIJzREvXm0Z2jER7tyytx5xIvA,https://www.facebook.com/pages/Littered-with-Books/153135064725041,1.27953680,103.84345650
2e340eaa-2fa7-4353-9f8c-91c20cf3f42d,Little Fish Echo Park,ChIJCWc7fhHHwoARXg2bZCd7D-8,https://littlefishechopark.com/,34.07676510,-118.25775640
d9e58c1d-82df-41ec-8ccd-fdf67fc63cee,Los Angeles Pétanque Club,ChIJrTLbwMG7woARh8yjG9woPD4,http://www.losangelespetanque.org/,34.04505530,-118.41215550
83ea7d49-08af-4011-a7e0-fe5355153367,Los Angeles State Historic Park,ChIJgfk0NV7GwoAR4ja9LMYRY0s,https://lastatehistoricpark.org/,34.06822860,-118.23181350
99e620b0-6ac0-4cad-87e4-571ebe353274,Lowboy,ChIJGbrA4GHHwoARpSjh59biZrQ,http://www.lowboybar.com/,34.07628280,-118.25677220
d433e8e0-b1c3-466d-bedd-3704dbb021a5,"Lucia,restaurant,3-hot2025,Caribbean fine dining - Fairfax - Art Deco space",,,0.00000000,0.00000000
8289d918-83ad-4fcf-a391-8f5ab0a49753,Lumphini Park,ChIJG7BL7Saf4jARNmn5AQiyAaw,,13.73142810,100.54169840
5b3f9a0d-8c64-4cd0-968b-afe94c85ce5f,L’Angolo Divino Enoteca Wine - bar,ChIJc3z__kVgLxMRdvQSySCW5wg,http://www.angolodivino.it,41.89463730,12.47216260
425b4519-2bfe-4c7d-a3e9-fd399ef84ae2,Magokoro,ChIJHcInFCC9YoYR0fsPvogdoCA,,25.65614930,-100.36852630
38fe6668-9b1f-4a80-a6ea-0a3f5aea09a7,Malibu Pier,ChIJw2kMtyse6IAR8CFmW_6h-_U,http://www.malibupier.org/,34.03652770,-118.67616570
fc288c11-8d7a-4018-b56c-45dfe671023c,"Mariscos Jalisco,restaurant,4-iconic,Iconic seafood truck",,,0.00000000,0.00000000
65fa4e60-d067-4e86-8482-16fc5725381f,"Men & Beasts | Modern Chinese Restaurant & Tea Lounge - Los Angeles, CA",ChIJFycRzrHHwoARwBAa5sAAhOg,,34.07734030,-118.26394560
c439c0a2-90bf-45a8-949c-f86c7ac47e07,"Mercado La Paloma,restaurant,4-iconic,Food hall - LA Times #1 2025",ChIJGyYzkgrIwoARoBczR2iUHPY,http://www.mercadolapaloma.com/,0.00000000,0.00000000
b0935e9a-a5fe-4ceb-9961-6c2cd972b298,Midnight Cowboy,ChIJm5ADqq5J2YAR50GXR6V2NPU,https://www.instagram.com/thebordersaloon/,32.54104910,-117.03014160
71f28aa9-f196-4863-9191-92940f28218b,Mitch's Fish Market & Sushi Bar,ChIJO-YwWqpvAHwRKubvaF9GWFg,http://mitchssushi.com/,21.33396810,-157.90804290
002a8037-5201-405f-a2db-8e1d7e49793a,Mori Nozomi,ChIJh_EchAm7woAR_M_f_w6W50c,https://www.morinozomi.com/,34.03330340,-118.44217620
d678cceb-8852-46a4-9461-a88cf3ab2be0,Mt. Olomana Trail (Three Peaks),ChIJDS33I60UAHwRydnVaBp_3n0,https://noahlangphotography.com/blog/mount-olomana-trail-three-peaks-oahu-hawaii,21.36841090,-157.76096670
4f61c9fa-47a0-48a6-8071-efdda467d3dd,Muelle 3,ChIJSUObvmST2IARaT7SLK97Qj0,,31.86105470,-116.62869560
8ef6fda7-99f1-4547-9a4c-7b6ee55f1bd8,"Musso & Frank Grill,restaurant,1,Hollywood institution since 1919",ChIJaZ3OWSO_woARSF1VduqxGgY,http://www.mussoandfrank.com/,0.00000000,0.00000000
4caf9f7c-bd4b-4f6f-93b0-75ff2f779c98,"Mustard's Bagels,restaurant,3-hot2025,Culver City bagel pop-up - Infatuation #7",ChIJfx0EdADFwoARSF3hsia7W8g,https://mustardsbagels.com/,0.00000000,0.00000000
f05f3e98-5dc5-48d4-adcf-828debf22f2f,"Mélisse,restaurant,2-michelin,2 Michelin stars - Santa Monica",,,0.00000000,0.00000000
a5710fa8-e243-4c7e-9dfa-04905809a02c,N.30 Cantine Urbaine,ChIJi-RAhVdrUQ0RI_n1LIQ76G8,https://www.instagram.com/n30biarritz/,43.47981620,-1.56212930
be21533f-8d31-431d-82f8-3ad7a0ffd738,"N/Soto,restaurant,4-iconic,Japanese - highly rated",ChIJr7tV88a5woARABa1uEr3Mao,http://n-soto.com/,0.00000000,0.00000000
3c9d8a08-a6c7-4a1a-a358-46e3eab15faf,Natural History Museum of Los Angeles County,ChIJXzARBf3HwoARJyT7uZSV-G4,https://nhm.org/,34.01714480,-118.28866350
177a7c36-bb22-4252-b6c1-7d422e8a7742,Neutra VDL Studio and Residences,ChIJgYJdky7HwoARYDypEBsMIJU,http://www.neutra-vdl.org/,34.09845820,-118.26046410
6293f468-ecaa-40ca-a2e1-ba8ddd2cefcd,New Beverly Cinema,ChIJLfFFL9a4woARRBcUFGpcO9M,http://thenewbev.com/,34.07632940,-118.34576520
22c98e53-0a12-4ca8-b4cf-a5aaf7f47e74,Night + Market Weho,ChIJ93f0oKG-woAR1g08r2EtyRY,http://www.nightmarketsong.com/,34.09084190,-118.38919580
81b45078-f818-4db6-8807-ebf55912fcd3,North Italia,ChIJi-RYaz4t3YARTigqsk-7bNQ,https://www.northitalia.com/locations/cerritos-ca/,33.86239520,-118.09309030
b42cd552-51fb-45c4-b12e-6b0598147817,OTOTO,ChIJB5MRik3HwoARFvZmDC7gi2I,http://www.ototo.la/,34.07284240,-118.25155920
53a815d6-ef83-467e-be12-c63609289f2f,Oc & Lau Restaurant,ChIJIxbGYcQn3YAR5m4f2kVYyuw,https://oclaurestaurant.com/,33.77324360,-117.95586530
5cf8f4f7-ae9c-477d-afb9-a488b60b9886,Ocean Eyebrow Threading,ChIJB1IfJDS0woARM8yRx7oPbp0,http://www.oceaneyebrowthreading.com/,33.90094170,-118.35165210
41955b89-0044-4cab-81e6-4b5f6f1825b1,Ocean Shape,ChIJS-lMCCNrUQ0REm8rvnOFqfs,http://oceanshape.fr/,43.48176390,-1.56425220
894fc963-b50d-4428-b374-6dba73e8c706,Ohana Superette,ChIJ9THZtD_HwoARHbQuHXAPOdY,http://www.ohanasuperette.la/,34.08254900,-118.27318570
089181ec-e0f4-415c-976f-8d802ba9784c,Olamaie,ChIJbw26uXW1RIYRJe7jQ8iC5Es,http://olamaieaustin.com/,30.27990710,-97.74369820
fcee10ac-e9bc-4f36-9ec9-b4c90c781af8,"Orsa & Winston,restaurant,2-michelin,1 Michelin star - Italian-Japanese DTLA",ChIJh9W-NkrGwoARmn2KQbXkdhg,http://orsaandwinston.com/,0.00000000,0.00000000
f01cf5b0-0cd7-4da8-bfad-bf4fd3a645ae,"Osteria Mozza,restaurant,1,Michelin star - Nancy Silverton",ChIJBacpEtO4woAR8TxewBOIolo,http://www.osteriamozza.com/,0.00000000,0.00000000
487d732b-ee68-4625-bfac-b44614d7d8ab,"Palihouse West Hollywood,hotel,hotel-boutique,Design-forward West Hollywood classic - 18.8 rating",ChIJ6VTz-ea5woARHVKKCrJaIVc,https://www.palisociety.com/hotels/west-hollywood/,0.00000000,0.00000000
0af84986-fa38-4cec-b8cf-47e3640eac00,Peppina (Sukhumvit Flagship Branch),ChIJQ0cFbPye4jARKjjpGD8_chs,http://www.peppina.asia/,13.73771950,100.56744420
fb2dbf82-dfb4-4b9e-a72d-74b1fe475b7d,"Petit Ermitage,hotel,hotel-boutique,West Hollywood hideaway - secluded rooftop pool",ChIJe72g-aS-woARFWxi79pOMe0,http://www.petitermitage.com/,0.00000000,0.00000000
fe963d2b-9c00-4ed9-ac9a-9abcd665df0a,"Pizzeria Mozza,restaurant,1,Nancy Silverton pizza empire",ChIJbWvuoNO4woARx2Xy5MvJ138,http://www.pizzeriamozza.com/,0.00000000,0.00000000
cf833284-6680-4a9f-a3eb-4a8c2a64d3d8,"Pizzeria Sei,restaurant,3-hot2025,Tokyo-Neapolitan pizza - Pico-Robertson - Resy pick",ChIJZzA8EM25woAR4SmcyXbfxBE,http://www.pizzeriasei.com/,0.00000000,0.00000000
a40876c5-0757-4c6d-9785-5d947686e4ca,"Porto's Bakery & Cafe,restaurant,4-iconic,Beloved Cuban bakery institution",,,0.00000000,0.00000000
93e418f6-a6c6-4ac6-89db-17b6d9fdb2eb,Psychic Wines,ChIJIXDXyBTHwoARVoN7PbVzK9c,http://www.psychicwinesla.com/,34.07694040,-118.27549390
89bbcb7a-e53f-4bed-913a-a56b296aa43a,"Q Sushi,restaurant,2-michelin,1 Michelin star - Edomae sushi",,,0.00000000,0.00000000
eef1d604-c46b-479e-a683-23799546fb77,Quarter Sheets,ChIJRSM0cUvHwoAR5stWQtCvfUs,http://www.quartersheetspizza.com/,34.07580340,-118.25428880
75b3332b-ae1c-49b5-9d50-138fcebfb75c,Quintas Papagayo,ChIJtQcvKczY2IAR01DDSpSAc5o,https://www.quintaspapagayo.com/,31.86392470,-116.65698320
2e346f1a-f149-46b1-9bc6-da9bb538c65a,RETOUR VERRE LE FUTUR,ChIJWdnIhzprUQ0RbXj6ezgsKWE,http://retourverrelefutur.com/,43.48346570,-1.54681590
da61a9df-96f6-469a-9608-068a8697cfb8,"RVR,restaurant,3-hot2025,Cal-izakaya - Venice - Travis Lett - Infatuation #6",ChIJZ1pkfgC7woARjdvLWPbggwg,http://www.rvr.la/,0.00000000,0.00000000
637d96c7-4f77-4fb4-8a26-365b1c7e14ab,Ramona Room,ChIJEy4mphDHwoARejZ9zUN_d4U,https://www.theramonaroom.com,34.07758460,-118.26464990
a57a4bdf-0354-44b9-a958-cd3e94f3697b,Rangoon Burmese kitchen,ChIJy0j-0opvAHwRWJmJld0b1rA,,21.31128410,-157.86133320
f5a4abdf-ee10-491d-90fd-920838b78e26,"Rasarumah,restaurant,3-hot2025,Malaysian - new Michelin Bib Gourmand 2025",ChIJ5fd-NQDHwoARKiTGuaNIeco,http://www.rasarumah.com/,0.00000000,0.00000000
98caaa9d-d2e7-459d-8529-af7c121b4cc3,Rea Gruppen Holding Aps,ChIJg4OSnK5fUkYRb_A1wg52CRw,,55.64280800,12.12331700
place_redbird-downtown-los-angeles_1771305000950,Redbird,ChIJv4yVGknGwoARC_5zwy3zU5M,http://www.redbird.la/,34.05087600,-118.24512300
3c7ae3e5-8b4f-4138-a6be-3789aefa6f2c,Regina Experimental Biarritz,ChIJxaAbD91qUQ0RgsyeyFLd65o,https://www.reginaexperimental.com/,43.49137960,-1.55201480
place_republique_1771305001028,Republique,ChIJqaA5zt-4woARHGIEp3XlsZo,http://www.republiquela.com/,34.06341200,-118.34456700
e248e6bf-328c-4096-bf52-e375c5a0427d,"Republique,restaurant,1,La Brea - Eater/LAT/Infatuation fixture",,,0.00000000,0.00000000
536a2b99-ae0d-43b1-9629-5116abb82cb8,Restaurant EPOQ,ChIJ7W9LsfZrUQ0RCDPXVS5DAtk,http://www.restaurant-epoq.com/,43.48145740,-1.55786290
84055ba2-0249-45a4-82a2-97d6c9267056,Restaurant Jardin Silhouette,ChIJO1B5H69rUQ0RqebvKy3j5yU,https://www.hotel-silhouette-biarritz.com/,43.48109660,-1.56335980
32bb14a1-a90d-4f89-bc97-f6c3a461a98c,Restaurant Ki,ChIJ6fB8aADHwoARxXCY99wLo0U,https://restaurantki.com/,34.05009680,-118.24138020
90a0c801-37f4-4983-b147-57e81776f333,"Roasted Duck by Pa Ord,restaurant,4-iconic,Thai Town - new Eater 38 addition",ChIJharH4mq_woAR3f7EfNbthQ8,http://www.ordroastedduck.com/,0.00000000,0.00000000
47f37719-5964-45b9-b463-e454d8d6f8ab,Ruby's Diner,ChIJhZyY5FLOwoARmWyxQxP6jX0,https://www.rubys.com/locations/city-of-commerce-citadel/,34.00648850,-118.15285940
47143765-ed61-421c-bddd-a01cafc40d81,Rue André Lamandé,ChIJ_VEPC9pqUQ0RrXYOaFTp_QQ,,,
bf1e76e4-15cc-4a1a-afe7-59e9ffc5a50c,"Rustic Canyon,restaurant,4-iconic,Santa Monica farm-to-table",ChIJn7_uYGKjwoARLjGYQnczLhg,,0.00000000,0.00000000
4b9afb9b-5b68-41a8-96bc-9332774fa028,Santa Canela,ChIJowrYmMLFwoARfBaOlCGmRNk,http://www.santacanela.com/,34.10914260,-118.19413280
3d27bf43-bd40-4ea8-98f5-c12b0fbaae2f,Santa Monica Proper,ChIJGayEIMmkwoARvutBp7SwpfI,https://www.properhotel.com/santa-monica/?utm_source=local-listings&utm_medium=organic&utm_campaign=local-listings,34.02086520,-118.49452420
f929b8bc-af5f-47fb-98bd-f5f841e12d18,"Sapp Coffee Shop,restaurant,4-iconic,Thai Town essential",,,0.00000000,0.00000000
place_seco_1771304999483,Seco,ChIJqXVPrFnHwoARHRmEYTHmXzw,https://www.instagram.com/seco.silverlake,34.09122670,-118.27948100
0a4098fd-88b9-44df-8a62-6cd79e1bb6a5,Senia,ChIJRZadjXNuAHwRQ0l2_ic2glc,http://www.restaurantsenia.com/,21.31135230,-157.86362310
93cea661-f1ea-4c7a-a2b7-35c0f4297148,"Short Stories Hotel,hotel,hotel-boutique,Fairfax District - intimate feel and design details",ChIJmThyJzK5woARvgjYGoTrVg0,https://www.shortstorieshotels.com/,0.00000000,0.00000000
2ac50414-2d06-4885-b65b-14a3f66f8726,Side Street Inn On Da Strip,ChIJ_cwZoYBtAHwRI6Ykbv5JdqY,https://sidestreetinn.com/,21.27883180,-157.81410620
048ab187-5259-4718-bae3-3ad6f7239311,Silver Lake Pool & Inn,ChIJB7x_3E7HwoARby2w2st4Mwg,https://www.palisociety.com/hotels/silverlake,34.09177870,-118.28281620
846ec73b-e777-4b6a-bb0e-1621f43bfb1b,Somni,ChIJVa5jok65woARLJWEqmHTCp8,http://www.somnirestaurant.com/,34.08254050,-118.38840000
30099b84-d36b-4d9a-a5d7-556341347221,Step Up on West Third,ChIJGRrnFxvHwoARv2JGehKiBeo,https://www.stepup.org/services/permanent-supportive-housing/,34.06157300,-118.27079000
2fbcfd11-ca07-4efb-a424-d29d2b454695,Stereoscope Coffee,ChIJgcifKa7HwoARcP9SQ3hQcfI,http://stereoscopecoffee.com/,34.07609010,-118.25524340
3ae2a198-db33-4137-90be-f5b179d997de,Stories,ChIJnQlpgxvHwoAR5W9jeEAKcWo,http://www.storiesla.com/,34.07734340,-118.25909130
88d55b04-61ca-4265-8c35-199f9047b4e1,Sunset Tower Hotel,ChIJPR1jrb--woARjgvrg3cz16I,http://www.sunsettowerhotel.com/,34.09521950,-118.37222580
0d3d5e94-88e2-4987-8cdb-85be659cc5c7,Sushi Masuyoshi,ChIJPxfpSgC7woARjS3G6HQDYgI,https://www.facebook.com/profile.php?id=100040422199235,34.01440270,-118.40791030
bc46f366-7984-44dc-9dbd-9bed2898abbc,Sushi n Matcha Sho,ChIJZVNvUDW_woARM1hwZfXjnJw,https://sushishomelrose.com/,34.08372690,-118.34840920
b894859b-057a-4541-bb77-8f92c554d15d,"Tabula Rasa,wine bar,5-wine-bar,East Hollywood",,,0.00000000,0.00000000
place_tacos-1986_1771305000875,Tacos 1986,ChIJc1UAXfrHwoARkMC2iYyz8R8,http://www.tacos1986.com/,34.00432100,-118.27098700
93455e34-846a-4498-bd66-8f4992a480f4,Tacos Fenix (Fish & Shrimp),ChIJYblmQ3qS2IARnjZgt4i08d0,https://www.instagram.com/tacosfenixmx,31.86384080,-116.61627120
9fc5efed-ffc5-4542-8040-ead0e6f2a56f,Tacos Mi Ranchito El Fenix,ChIJRx8xRHqS2IARlx1nmlcdEUY,,31.86527580,-116.61563550
e0eaf146-b074-4222-8027-6872463da231,Taormina Sicilian Cuisine,ChIJ5W-jcHVyAHwRaGm6iJsz26Y,http://taorminarestaurant.com/,21.27943040,-157.83054340
52ef2e78-1399-4060-81d6-0a44cc0ef588,The Airliner,ChIJ6YtcQn3GwoARkgfd3-CG0rQ,http://barairliner.com/,34.07387500,-118.21623790
baf367c3-150a-4522-a916-a868cc971f9a,The Artnoa House wines in Biarritz,ChIJ1QNfLilrUQ0RJ14YWTlJTTs,http://www.lartnoa.com/,43.47981640,-1.56409540
d2f84c29-9bab-4439-809e-8a49d054f7dc,The Beet Box Cafe,ChIJNzd-ddsUAHwR1825q6hd3dI,http://www.thebeetboxcafe.com/,21.39517280,-157.74489420
d03b1eb8-e32a-48d6-a036-5a067bef94f0,"The Beverly Hills Hotel,hotel,hotel-iconic,Dorchester Collection - the Pink Palace",ChIJXVs5lQa8woARSWRNqYGVUNo,https://www.dorchestercollection.com/los-angeles/the-beverly-hills-hotel,0.00000000,0.00000000
88ce7416-be10-4875-b119-2977b5776458,The Bookstore by Books Beyond Borders,ChIJ915J7q8Z2jERfZsIFbjHJJw,https://booksbeyondborders.org/,1.28076890,103.84541040
a9f74efa-4129-488f-ab26-8952770f70c3,The Breakers Palm Beach,ChIJZcTxw5DW2IgREnhgYXc3igo,https://www.thebreakers.com/,26.71477460,-80.03398420
5c5e60a8-85e3-4257-bc0a-dcf336d3b818,The Douglas,ChIJfT7yFiDHwoARORVyaJSlrsQ,http://www.thedouglasla.com/,34.07425640,-118.25235910
1df4f9bb-b905-4add-b7ed-941fd433ef9e,"The Hollywood Roosevelt,hotel,hotel-iconic,Historic Hollywood landmark - old-school glam meets modern",ChIJazD_QyG_woARwKuHsRqY0nU,https://www.thehollywoodroosevelt.com/?utm_source=google&utm_medium=organic&utm_campaign=gbp_listing,0.00000000,0.00000000
e065c6b6-f91f-440c-9653-6edee73eb761,The Hummingbird | Ceviche House,ChIJTd_4WgDHwoAR3G1iC-Yrq6w,https://thehummingbirdla.com/,34.08344590,-118.25974320
5933d98f-6e09-487f-98f2-b8177693c102,The Huntington Library Art Museum and Botanical Gardens,ChIJc1xhAk3bwoARBBlfKQzXKLM,https://huntington.org/,34.12904520,-118.11452420
2491a858-5422-4a01-aaab-25cc3e18dea6,"The LINE LA,hotel,hotel-neighborhood,Koreatown - Greenhouse restaurant - strong bar scene",ChIJEz1I84K4woARzSOwF86sb5c,https://www.thelinehotel.com/los-angeles/?utm_source=local-listings&utm_medium=organic&utm_campaign=local-listings,0.00000000,0.00000000
14613925-acec-491d-b537-5c5a04847858,The Orpheum Theatre,ChIJWQrC-crHwoARJvmB0kX7tbI,http://www.laorpheum.com/,34.04276920,-118.25544160
a2161ce0-e112-4a6d-8ba1-b4279b69718b,The Pig and The Lady,ChIJf_g4jXNuAHwRxwKtprB4Ojw,http://thepigandthelady.com/,21.28247890,-157.79793480
47e1ecb4-bf94-45e9-82f9-70b5c7ec9089,The West Hollywood EDITION,ChIJr7tLCKG-woARNVvQTdKErgU,https://www.marriott.com/en-us/hotels/laxeb-the-west-hollywood-edition/overview/?scid=f2ae0541-1279-4f24-b197-a979c79310b0,34.09046180,-118.38932310
0ca1276f-8224-4da4-9a96-e661d89ef355,Tomat,ChIJDUyRuV2xwoARPXiy3q2yRLs,http://www.tomat.la/,33.95885300,-118.39481570
c9643023-a490-4c6b-8609-337a617e6dc7,Tu Madre,ChIJGxOg467AwoARKjTG0a0ZFvo,https://www.tumadre.com/,34.10443640,-118.28712580
183ec1f5-4f3d-4ea9-af3c-2dd28e01379d,Union Liquor Market,ChIJAwgTXgjHwoARJ8Zj9BQYOwA,,34.06492710,-118.26597740
2959e986-5f6d-49d6-8649-b5ce03272e27,Venice Beach Basketball Courts,ChIJ-YGylLm6woARWAySgUQblFg,,33.98600680,-118.47341800
70c9d6c1-11bd-4a4c-80d5-8f702dcbb839,"Verve Coffee Roasters,coffee,6-coffee,DTLA/WeHo",,,0.00000000,0.00000000
6c7e44dd-07ba-4a78-8b72-51787b023b24,Vespertine,ChIJVd04SYW5woAROE52K0dXeYE,https://vespertine.la/,34.02419680,-118.38187860
4af76227-25f6-4b54-9d1d-761b20cfd0c1,"Vin Folk,wine bar,3-hot2025,New Michelin Bib Gourmand - natural wine",ChIJaQ7b8R-zwoARYMTDhwUoHWc,https://www.vin-folk.com/,33.86457490,-118.40086330
cc164834-583f-4ae0-95bf-fbb5523d8207,Vin Nature a,ChIJHSZN0XGJGGARZEkMX_1VOOE,http://vinnaturea.com/,35.67183340,139.77463390
3f19fcd7-ea6e-4256-a106-09bde5d225e1,Værtshus Sankt Peder,ChIJ--DduH1SUkYRZl_VtvV29iA,http://www.sankt-peder.dk/,55.73079040,12.57576420
6b36b677-bf58-48a6-bd9a-4b7bac81c0b3,WINEMAN FACTORY(ワインマンファクトリー),ChIJKXj7dbmLGGARWi_eMDztgsE,https://www.instagram.com/wineman_factory/?hl=ja,35.64800260,139.74682140
e828234f-d4ab-418d-ad96-71f362bd1c9d,"Wagyu Butcher,restaurant,3-hot2025,Torrance yakiniku - Infatuation #8",,,0.00000000,0.00000000
2c3884b8-f0e0-40ab-bb7e-5fe4baf79240,Warehouse 30,ChIJhbRNuNuY4jARnvfgK79ciCM,http://www.warehouse30.com/?fbclid=IwAR1TycMvVgWeorkf3eZegZi5LbMvFo3fb1UE-f6VlvGKxWgazM1tgNouRVo,13.72836670,100.51458460
81ac3db9-4ca0-4fc7-a2ae-bfbd64036579,Wine Bar Akai Mise,ChIJYbs_5oaLGGARvkzVIkmM0zQ,https://m.facebook.com/winebar.akaimise/,35.67215180,139.73865800
ea211d22-2b21-4800-acd4-01f9c705a119,Woodcat Coffee,ChIJ1TpO3RzHwoARFhUWvGyrsf0,http://woodcatcoffee.com/,34.07614750,-118.25640810
96318a1a-e9a6-4b9f-89ad-d230f3c47ea3,Woot Woot Store,ChIJG5Ly-DmZ4jAR4GU7Nvyhldg,,13.72809320,100.51468390
ccd87c4d-aba6-4b63-86b4-f0799c67916d,"Yangban Society,restaurant,4-iconic,Korean-American - Arts District",,,0.00000000,0.00000000
e79652a9-05b2-4e75-9d12-d0367fa59e3b,Yeüz slice & coffee,ChIJ445HOfdrUQ0RDlcEvzdPbSk,https://yeuz-slicecoffee.com/,43.48437880,-1.55547790
66524a78-592a-4ca2-b76f-22406849db2d,Yeüz slice & coffee,ChIJze5uuZRv5kcRbiw8AfZj8Dg,https://yeuz-slicecoffee.com/,,
dd6c07c1-713f-4ff2-84f1-0d37bacd7e95,"Zankou Chicken,restaurant,4-iconic,Iconic LA chain",,,0.00000000,0.00000000
da1e51d7-bac4-4fb5-99a6-dfc35b19fab0,ahpe Restaurant,ChIJR1Pre8cVUQ0RNkrumWDP0HI,http://ahpe-restaurant.fr/,43.47228430,-1.55585820
da4e71d4-35f1-489f-a1d0-b6ec9683acba,bookstore bommoi,ChIJceCk_YwZ2jERNN-SUn5SBzE,https://www.instagram.com/letsbommoi/,1.27939960,103.84245240
24e266d3-35c4-48a3-bec4-4986bc264033,n/naka,ChIJb7GeyDS6woAROVvLEUiLZEk,https://n-naka.com/,34.02512790,-118.41220160
