"Make an early res, eat some of the most beautiful food of your life, get on a red-eye home. Win."

Title,Note,URL,Tags,Comment
,,,,
Monvínic,,https://www.google.com/maps/place/Monv%C3%ADnic/data=!4m2!3m1!1s0x12a4a2f2cf8065f5:0x1eedbb49922dc23b,,
Bagués Hotel Barcelona,,https://www.google.com/maps/place/Bagu%C3%A9s+Hotel+Barcelona/data=!4m2!3m1!1s0x12a4a2f651401555:0x3f99352fd10778aa,,
Mercado de La Boqueria,,https://www.google.com/maps/place/Mercado+de+La+Boqueria/data=!4m2!3m1!1s0x12a4a2f7b51e5a01:0x860ac654dc73add5,,
Cañete,,https://www.google.com/maps/place/Ca%C3%B1ete/data=!4m2!3m1!1s0x12a4a258412bcb19:0x1c77b2f8f4cdfb63,,
Restaurante El Faro de Cádiz,,https://www.google.com/maps/place/Restaurante+El+Faro+de+C%C3%A1diz/data=!4m2!3m1!1s0xd0dd3e03208f6e3:0x762b5fabad472a85,,
Aponiente,,https://www.google.com/maps/place/Aponiente/data=!4m2!3m1!1s0xd0dcfe9bdf1c84b:0x73dd38d4b1da997,,
Parador de Cádiz,,https://www.google.com/maps/place/Parador+de+C%C3%A1diz/data=!4m2!3m1!1s0xd0dd15ebaed8319:0x7db255f5acaac6e8,,
La Carboná,,https://www.google.com/maps/place/La+Carbon%C3%A1/data=!4m2!3m1!1s0xd0dc69343f73189:0xc70817eb0ba363ed,,
La Moderna,,https://www.google.com/maps/place/La+Moderna/data=!4m2!3m1!1s0xd0dc6941e61fb7d:0x5f3515d1fd1649fe,,
Bar Juanito,,https://www.google.com/maps/place/Bar+Juanito/data=!4m2!3m1!1s0xd0dc6913c4a7337:0xd148d13f00451722,,
La Cruz Blanca,,https://www.google.com/maps/place/La+Cruz+Blanca/data=!4m2!3m1!1s0xd0dc69135fcd247:0xb7302ff07e36700,,
Bar Las Golondrinas,,https://www.google.com/maps/place/Bar+Las+Golondrinas/data=!4m2!3m1!1s0xd126dc7dcdff66d:0x9532523f76e64bd0,,
El Rinconcillo,,https://www.google.com/maps/place/El+Rinconcillo/data=!4m2!3m1!1s0xd126c03633fba39:0x30a2b4aa46bc6a20,,
Espacio Eslava,,https://www.google.com/maps/place/Espacio+Eslava/data=!4m2!3m1!1s0xd126c09223a769f:0x1bb550960d3488d8,,
Casa Gallega,,https://www.google.com/maps/place/Casa+Gallega/data=!4m2!3m1!1s0xd42287ebaa4998d:0x2295aac9c0e7a127,,
O'Pazo,,https://www.google.com/maps/place/O'Pazo/data=!4m2!3m1!1s0xd4228fc2e6793ab:0xd0a4d32fef849697,,
Posada de la Villa,,https://www.google.com/maps/place/Posada+de+la+Villa/data=!4m2!3m1!1s0xd422878a925f835:0x6376cdcd16183d8e,,
La Venencia,,https://www.google.com/maps/place/La+Venencia/data=!4m2!3m1!1s0xd4228810eb286a1:0x2b84d4360e8a4a30,,
La Dolores,,https://www.google.com/maps/place/La+Dolores/data=!4m2!3m1!1s0xd422880502940eb:0xa576ebdaf3f426ae,,
Restaurant Elkano,,https://www.google.com/maps/place/Restaurant+Elkano/data=!4m2!3m1!1s0xd51c8a219a0d11f:0x2a5ca57ed5e4784,,
Asador Etxebarri,,https://www.google.com/maps/place/Asador+Etxebarri/data=!4m2!3m1!1s0xd4fd2f2e829037f:0x2a92df5d5d965416,,
The Loaf,,https://www.google.com/maps/place/The+Loaf/data=!4m2!3m1!1s0xd51a545a79a0b97:0x84d617bdd4630005,,
Ganbara,,https://www.google.com/maps/place/Ganbara/data=!4m2!3m1!1s0xd51a54da1714ec5:0xfa20a83c1bd9454e,,
Rekondo,,https://www.google.com/maps/place/Rekondo/data=!4m2!3m1!1s0xd51ba9e7d8dd281:0x75c32fa924ac35e9,,
Restaurante Saltxipi,,https://www.google.com/maps/place/Restaurante+Saltxipi/data=!4m2!3m1!1s0xd51a5682bf59e33:0xa83755410e2bd210,,
Ibai,,https://www.google.com/maps/place/Ibai/data=!4m2!3m1!1s0xd51a550dfac9b47:0x27946214f7d7f5f3,,
Maison Fredon,,https://www.google.com/maps/place/Maison+Fredon/data=!4m2!3m1!1s0xd552634e1ae422f:0x708c8130d2f4f499,,
L'univerre,,https://www.google.com/maps/place/L'univerre/data=!4m2!3m1!1s0xd5527e9f63943cb:0x7e82580fe55d1fdb,,
La Tupina,,https://www.google.com/maps/place/La+Tupina/data=!4m2!3m1!1s0xd552634e2527975:0xcf0bfdc08c242c6e,,
Candelaria,,https://www.google.com/maps/place/Candelaria/data=!4m2!3m1!1s0x47e66e06f0ade5e7:0xfe5e1d4c40b38ec0,,
Hôtel Bourg Tibourg - Paris Marais,,https://www.google.com/maps/place/H%C3%B4tel+Bourg+Tibourg+-+Paris+Marais/data=!4m2!3m1!1s0x47e66e02b5a2c18d:0x53de5404fb492760,,
L'Ambroisie,,https://www.google.com/maps/place/L'Ambroisie/data=!4m2!3m1!1s0x47e671ffd6d9e42b:0x5ad576d2bc120abd,,
Chez l'Ami Louis,,https://www.google.com/maps/place/Chez+l'Ami+Louis/data=!4m2!3m1!1s0x47e66e0f94eb6f21:0xaf33bb75b26d4fd4,,
Le Dauphin,,https://www.google.com/maps/place/Le+Dauphin/data=!4m2!3m1!1s0x47e66de3c9decb8d:0xbd89845c6dbb19e7,,
Bistrot Paul Bert,,https://www.google.com/maps/place/Bistrot+Paul+Bert/data=!4m2!3m1!1s0x47e67300861e33cd:0xdd0b44ecd8467b4f,,
Restaurant David Toutain,,https://www.google.com/maps/place/Restaurant+David+Toutain/data=!4m2!3m1!1s0x47e66fbf83a9f811:0x49472ab8ebf6f8a5,,
Le Café des Musées,,https://www.google.com/maps/place/Le+Caf%C3%A9+des+Mus%C3%A9es/data=!4m2!3m1!1s0x47e66e0054ee8207:0x53d42f94bdc0fcc1,,
Le Repaire de Cartouche,,https://www.google.com/maps/place/Le+Repaire+de+Cartouche/data=!4m2!3m1!1s0x47e66e0755d8f017:0x172a07e868a47bb5,,
Le Dôme du Marais,,https://www.google.com/maps/place/Le+D%C3%B4me+du+Marais/data=!4m2!3m1!1s0x47e66e031027e0c3:0x58d8c166e6bd0acc,,
Clamato,,https://www.google.com/maps/place/Clamato/data=!4m2!3m1!1s0x47e6720852a2f609:0xc9fa5741464e322b,,
LE PETIT VERDOT,,https://www.google.com/maps/place/LE+PETIT+VERDOT/data=!4m2!3m1!1s0x47e671d2f2c7bb0f:0x7c2e53e3611e6de5,,
W Lounge,,https://www.google.com/maps/place/W+Lounge/data=!4m2!3m1!1s0x47c609c6a53320f7:0x78bbadceb8e8d969,,
A'DAM Lookout,,https://www.google.com/maps/place/A'DAM+Lookout/data=!4m2!3m1!1s0x47c609b440714bbb:0xa6175c28f97a0af6,,
Soho House Amsterdam,,https://www.google.com/maps/place/Soho+House+Amsterdam/data=!4m2!3m1!1s0x47c6095bc2824c97:0xe03b3c5d4069548f,,
Bar Exit,,https://www.google.com/maps/place/Bar+Exit/data=!4m2!3m1!1s0x47c609ea87caa843:0x640e8b5346d6468b,,
Café 't Mandje,,https://www.google.com/maps/place/Caf%C3%A9+'t+Mandje/data=!4m2!3m1!1s0x47c609b998a89e03:0x268c2fdcfe8fd910,,
Sauna Deco,,https://www.google.com/maps/place/Sauna+Deco/data=!4m2!3m1!1s0x47c609c60ab143cb:0x9ad613caafb046e5,,
Admiraal Heijn,,https://www.google.com/maps/place/Admiraal+Heijn/data=!4m2!3m1!1s0x47c6091e2443ed7d:0x5851129f29534c0e,,
Sloepdelen Amsterdam,,https://www.google.com/maps/place/Sloepdelen+Amsterdam/data=!4m2!3m1!1s0x47c609c3be8d37d7:0xfdb995ca0e4c5e6c,,
Hotel V Nesplein,,https://www.google.com/maps/place/Hotel+V+Nesplein/data=!4m2!3m1!1s0x47c609c0bf77a0c5:0xc4e5dfb335c2305c,,
Pulitzer Amsterdam,,https://www.google.com/maps/place/Pulitzer+Amsterdam/data=!4m2!3m1!1s0x47c609c3620e8f0d:0x5434137a1c8aa636,,
Toki,,https://www.google.com/maps/place/Toki/data=!4m2!3m1!1s0x47c609ce0bb2caf3:0x40a6dc408f69d04,,
Hiding In Plain Sight,,https://www.google.com/maps/place/Hiding+In+Plain+Sight/data=!4m2!3m1!1s0x47c609bb59a2c565:0x5722f710655abf9a,,
Cafe Gollem Raamsteeg,,https://www.google.com/maps/place/Cafe+Gollem+Raamsteeg/data=!4m2!3m1!1s0x47c609c17cd823cd:0x38a99180153245f9,,
Proeflokaal Arendsnest,,https://www.google.com/maps/place/Proeflokaal+Arendsnest/data=!4m2!3m1!1s0x47c609c5e394f6c7:0x782e79a7c72de1c4,,
De Wildeman,,https://www.google.com/maps/place/De+Wildeman/data=!4m2!3m1!1s0x47c5efe65842a127:0x7bccc47709b1c4a8,,
Café De Dokter,,https://www.google.com/maps/place/Caf%C3%A9+De+Dokter/data=!4m2!3m1!1s0x47c609c1a61938e1:0x9826be5d9a47a01,,
Bakers & Roasters,,https://www.google.com/maps/place/Bakers+%26+Roasters/data=!4m2!3m1!1s0x47c609a39a092fe1:0x91ee4a68f52686eb,,
De Kas,,https://www.google.com/maps/place/De+Kas/data=!4m2!3m1!1s0x47c6097addb6e427:0x7e1fa069538dc40e,,
Brothers Hartering,,https://www.google.com/maps/place/Brothers+Hartering/data=!4m2!3m1!1s0x47c609bb59ea7211:0x90d34c086fa337a1,,
Rijsel,,https://www.google.com/maps/place/Rijsel/data=!4m2!3m1!1s0x47c6098391788705:0x8d4918f4f861b049,,
Café De Klepel,,https://www.google.com/maps/place/Caf%C3%A9+De+Klepel/data=!4m2!3m1!1s0x47c609cf7efc2adb:0xbdb3fdd267ed1bdb,,
GoBoat Boat Rental - Islands Brygge,,https://www.google.com/maps/place/GoBoat+Boat+Rental+-+Islands+Brygge/data=!4m2!3m1!1s0x4652536ae6e1bc2b:0x26e214a5249948f2,,
Nobis Hotel Copenhagen,,https://www.google.com/maps/place/Nobis+Hotel+Copenhagen/data=!4m2!3m1!1s0x465253131235767d:0x99518cc5dfcd94f4,,
Restaurant Kanalen,,https://www.google.com/maps/place/Restaurant+Kanalen/data=!4m2!3m1!1s0x4652533c6d5dc32f:0xc7659b52ebdabaf9,,
Restaurant Barr,,https://www.google.com/maps/place/Restaurant+Barr/data=!4m2!3m1!1s0x4652533b679080a5:0xf1bebc75960e646f,,
Restaurant & Værtshus Sankt Peder,,https://www.google.com/maps/place/Restaurant+%26+V%C3%A6rtshus+Sankt+Peder/data=!4m2!3m1!1s0x4652527db8dde0fb:0x20f676f5b6d55f66,,
Amass Restaurant,,https://www.google.com/maps/place/Amass+Restaurant/data=!4m2!3m1!1s0x465252d7ecd287eb:0xb1107995e1460e04,,
Manfreds,,https://www.google.com/maps/place/Manfreds/data=!4m2!3m1!1s0x465253b27e6ef573:0x4bac6cb9b3a13502,,
Atelier September,,https://www.google.com/maps/place/Atelier+September/data=!4m2!3m1!1s0x46525319c09c8cb3:0xbbe45b15a6fc4c20,,
The Loeb Boathouse,,https://www.google.com/maps/place/The+Loeb+Boathouse/data=!4m2!3m1!1s0x89c2589a07c05e9b:0xe028574b947ab258,,
Jimmy's Corner,,https://www.google.com/maps/place/Jimmy's+Corner/data=!4m2!3m1!1s0x89c2585515b73fab:0x7833c29064fdfca3,,
169 Bar,,https://www.google.com/maps/place/169+Bar/data=!4m2!3m1!1s0x89c25a2977d1e555:0x9132324f2de48525,,
Dirty Precious,,https://www.google.com/maps/place/Dirty+Precious/data=!4m2!3m1!1s0x89c25aff63b037df:0x540013bd5402f2f6,,
Basik,,https://www.google.com/maps/place/Basik/data=!4m2!3m1!1s0x89c25956d9733197:0xb875c50a5ad1f87d,,
Attaboy,,https://www.google.com/maps/place/Attaboy/data=!4m2!3m1!1s0x89c25987040cb40d:0x20e5151ff00b2e55,,
The NoMad Hotel,,https://www.google.com/maps/place/The+NoMad+Hotel/data=!4m2!3m1!1s0x89c259623fc1115b:0xe4f8571ad9a60c00,,
The Ludlow Hotel,,https://www.google.com/maps/place/The+Ludlow+Hotel/data=!4m2!3m1!1s0x89c259222c652ded:0xa89ac66c29591ec4,,
Maison Premiere,,https://www.google.com/maps/place/Maison+Premiere/data=!4m2!3m1!1s0x89c259604f86f55b:0xcb55e54de2d99b36,,
Astoria Seafood,,https://www.google.com/maps/place/Astoria+Seafood/data=!4m2!3m1!1s0x89c25f2e9c0be7f9:0xa50b13eba0aec34e,,
Great NY Noodletown,,https://www.google.com/maps/place/Great+NY+Noodletown/data=!4m2!3m1!1s0x89c25a26531815c7:0x2ac264f74bc5f997,,
Uncle Boons,,https://www.google.com/maps/place/Uncle+Boons/data=!4m2!3m1!1s0x89c259861c05d8e5:0xd5652f97f2376594,,
Somtum Der (East Village),,https://www.google.com/maps/place/Somtum+Der+(East+Village)/data=!4m2!3m1!1s0x89c25982b641fd63:0x8e5b0fd1a57ec0fa,,
ILILI,,https://www.google.com/maps/place/ILILI/data=!4m2!3m1!1s0x89c259a66c2e3131:0xb070d578897c3982,,
Santina,,https://www.google.com/maps/place/Santina/data=!4m2!3m1!1s0x89c259c03b385fd3:0x6b9cd181dde3b59f,,
Via Carota,,https://www.google.com/maps/place/Via+Carota/data=!4m2!3m1!1s0x89c259937f4eb1af:0xe49ad5dc628370bb,,
Bohemian Hall & Beer Garden,,https://www.google.com/maps/place/Bohemian+Hall+%26+Beer+Garden/data=!4m2!3m1!1s0x89c25f4301052bb5:0x41d781167efe773b,,
New Fuleen Palace,,https://www.google.com/maps/place/New+Fuleen+Palace/data=!4m2!3m1!1s0x89c2677a0f4f4ca1:0xbddedd25871d17aa,,
King,,https://www.google.com/maps/place/King/data=!4m2!3m1!1s0x89c2598d9da92d9b:0x5e7666e4a2cc60bd,,
Joe Jr.,,https://www.google.com/maps/place/Joe+Jr./data=!4m2!3m1!1s0x89c2599f759a9091:0xc48959af56e611b9,,
Hi-Collar,,https://www.google.com/maps/place/Hi-Collar/data=!4m2!3m1!1s0x89c2599c4b4c2267:0xcfea0fb3f579b4e8,,
Barnes Foundation,,https://www.google.com/maps/place/Barnes+Foundation/data=!4m2!3m1!1s0x89c6c7cb5301cbad:0x4b26651ad8cf55e0,,
Broad Street Ministry,,https://www.google.com/maps/place/Broad+Street+Ministry/data=!4m2!3m1!1s0x89c6c624dd72f47b:0x9afee078972c5fc0,,
The Great Northwest Soup Co.,,https://www.google.com/maps/place/The+Great+Northwest+Soup+Co./data=!4m2!3m1!1s0x54901537be2cddad:0x85c72fe3a874bd29,,
Vetri Cucina,,https://www.google.com/maps/place/Vetri+Cucina/data=!4m2!3m1!1s0x89c6c6245537c063:0x154914d2b6691440,,
Zahav,,https://www.google.com/maps/place/Zahav/data=!4m2!3m1!1s0x89c6c89ada6725cd:0x2479810721359c7,,
New England Aquarium,,https://www.google.com/maps/place/New+England+Aquarium/data=!4m2!3m1!1s0x89e3707d60bfd085:0xdda63d8ad6157d49,,
Charlie's Sandwich Shoppe,,https://www.google.com/maps/place/Charlie's+Sandwich+Shoppe/data=!4m2!3m1!1s0x89e37a1249741473:0x11b65148ffe2e8f0,,
Island Creek Oyster Bar,,https://www.google.com/maps/place/Island+Creek+Oyster+Bar/data=!4m2!3m1!1s0x89e37a1d2e734de5:0xee3793be8876b3cb,,
Neptune Oyster,,https://www.google.com/maps/place/Neptune+Oyster/data=!4m2!3m1!1s0x89e3708f2de4ee09:0x3bf3e0fd562f98e7,,
The Pitcher Inn,,https://www.google.com/maps/place/The+Pitcher+Inn/data=!4m2!3m1!1s0x4cb56d2b5ed14cbd:0x8577a8c66d5a04c,,
The Heidelberg Project,,https://www.google.com/maps/place/The+Heidelberg+Project/data=!4m2!3m1!1s0x8824d2ca33ac15ef:0x9b701cc41288fb69,,
Museum of Contemporary Art Detroit,,https://www.google.com/maps/place/Museum+of+Contemporary+Art+Detroit/data=!4m2!3m1!1s0x8824d2b908baab25:0xb15dd14f756e4508,,
Detroit Foundation Hotel,,https://www.google.com/maps/place/Detroit+Foundation+Hotel/data=!4m2!3m1!1s0x883b2d3ae0f86c17:0x9d9f1d1dd0d06e36,,
Takoi,,https://www.google.com/maps/place/Takoi/data=!4m2!3m1!1s0x883b32a78d9a07d9:0xb8f2804947ed7547,,
The Public Barber,,https://www.google.com/maps/place/The+Public+Barber/data=!4m2!3m1!1s0x880fd231fe3fba97:0x72bd72ce2c370ab7,,
Virgin Hotels Chicago,,https://www.google.com/maps/place/Virgin+Hotels+Chicago/data=!4m2!3m1!1s0x880e2caf71994abf:0xf68e07391b5c88cb,,
Dove's Luncheonette,,https://www.google.com/maps/place/Dove's+Luncheonette/data=!4m2!3m1!1s0x880fd2c767c5ea0d:0x15f2cedb30dc8ba2,,
Cherry Circle Room,,https://www.google.com/maps/place/Cherry+Circle+Room/data=!4m2!3m1!1s0x880e2ca4404ea699:0xf369c7ca611b4de,,
mfk. restaurant,,https://www.google.com/maps/place/mfk.+restaurant/data=!4m2!3m1!1s0x880fd30af90100c7:0x137d3d6c07b4b5a0,,
Poole's,,https://www.google.com/maps/place/Poole's/data=!4m2!3m1!1s0x89ac5f711ac2b01b:0x7c65c26d505359bc,,
Mecca Restaurant,,https://www.google.com/maps/place/Mecca+Restaurant/data=!4m2!3m1!1s0x89ac5f7212586f69:0xd3c46a189ea1a9ba,,
Brewery Bhavana,,https://www.google.com/maps/place/Brewery+Bhavana/data=!4m2!3m1!1s0x89ac5f7280e90571:0x4780439dae415239,,
Bida Manda Laotian Restaurant and Bar,,https://www.google.com/maps/place/Bida+Manda+Laotian+Restaurant+and+Bar/data=!4m2!3m1!1s0x89ac5f7286f16695:0x85dba324f4be0a3,,
"Union Station Hotel Nashville, Autograph Collection",,"https://www.google.com/maps/place/Union+Station+Hotel+Nashville,+Autograph+Collection/data=!4m2!3m1!1s0x886466f4f783b557:0x27b4ea7fa3c45a8c",,
Rolf and Daughters,,https://www.google.com/maps/place/Rolf+and+Daughters/data=!4m2!3m1!1s0x8864671d5aed2e4b:0xa612e25cad9c8eee,,
The Catbird Seat,,https://www.google.com/maps/place/The+Catbird+Seat/data=!4m2!3m1!1s0x88646692495f7bab:0x44c610fe5e04492e,,
Robert's Western World,,https://www.google.com/maps/place/Robert's+Western+World/data=!4m2!3m1!1s0x88646659487d7bbb:0x3a1e0f5401152fc0,,
Leon's,,https://www.google.com/maps/place/Leon's/data=!4m2!3m1!1s0x88fe7a5cb82dcdd7:0x84818008c4a3b62e,,
Locust Projects,,https://www.google.com/maps/place/Locust+Projects/data=!4m2!3m1!1s0x88d9b6adc3b1b2dd:0xc497cf4c0c682487,,
Double Threat Fishing Charters,,https://www.google.com/maps/place/Double+Threat+Fishing+Charters/data=!4m2!3m1!1s0x88d9b6a0664fdad9:0x277482e3bb023f5b,,
SLS South Beach,,https://www.google.com/maps/place/SLS+South+Beach/data=!4m2!3m1!1s0x88d9b49b9c2f5e19:0xab19ca8f7c56e66b,,
Mandolin Aegean Bistro,,https://www.google.com/maps/place/Mandolin+Aegean+Bistro/data=!4m2!3m1!1s0x88d9b159df765939:0xe752ac5974d57bec,,
Cy Twombly Gallery,,https://www.google.com/maps/place/Cy+Twombly+Gallery/data=!4m2!3m1!1s0x8640c08334186bd7:0xc09a7e344ef06d3c,,
West Alabama Ice House,,https://www.google.com/maps/place/West+Alabama+Ice+House/data=!4m2!3m1!1s0x8640c091bbd6fbab:0xf64a70ba2b1c7f72,,
Mala Sichuan Bistro,,https://www.google.com/maps/place/Mala+Sichuan+Bistro/data=!4m2!3m1!1s0x8640bf61e7f311b9:0x809a91e6277b8ac4,,
Midnight Cowboy,,https://www.google.com/maps/place/Midnight+Cowboy/data=!4m2!3m1!1s0x8644b5a7a6b0f14f:0xa4b96016fe139021,,
Half Step,,https://www.google.com/maps/place/Half+Step/data=!4m2!3m1!1s0x8644b5aaf6f0b1c7:0x4e718331897e67f9,,
Hotel San José,,https://www.google.com/maps/place/Hotel+San+Jos%C3%A9/data=!4m2!3m1!1s0x8644b4fda70d6ae3:0x5f1e37be9381597c,,
Olamaie,,https://www.google.com/maps/place/Olamaie/data=!4m2!3m1!1s0x8644b575b9ba0d6f:0x4be482c843e3ee25,,
Hotel ZaZa,,https://www.google.com/maps/place/Hotel+ZaZa/data=!4m2!3m1!1s0x864e992f9450ea9d:0x14aff2a367d7d32a,,
Tei-An,,https://www.google.com/maps/place/Tei-An/data=!4m2!3m1!1s0x864e992640c30fb3:0xa0ad80a08e27739c,,
La Mariana Sailing Club,,https://www.google.com/maps/place/La+Mariana+Sailing+Club/data=!4m2!3m1!1s0x7c006e4ff0daa5d3:0x8f434783d0cecedb,,
Creekside,,https://www.google.com/maps/place/Creekside/data=!4m2!3m1!1s0x7c0014c35b4d5811:0xfed84a18fda68f74,,
Mitch's Fish Market & Sushi Bar,,https://www.google.com/maps/place/Mitch's+Fish+Market+%26+Sushi+Bar/data=!4m2!3m1!1s0x7c006faa5a30e63b:0x5858465f68efe62a,,
kitchen table,,https://www.google.com/maps/place/kitchen+table/data=!4m2!3m1!1s0x8f4fd16bb6c6a5ff:0x8f733af9b7b7167f,,
Ka'an Tulum,,https://www.google.com/maps/place/Ka'an+Tulum/data=!4m2!3m1!1s0x8f4fd9ec3818072d:0xb7e5273596b3a24d,,
Criollo,,https://www.google.com/maps/place/Criollo/data=!4m2!3m1!1s0x85c722138584b769:0xbe2b472abd1b4792,,
Pitiona,,https://www.google.com/maps/place/Pitiona/data=!4m2!3m1!1s0x85c718a1a065b3dd:0x90ebc40780ea6a21,,
Hotel Casa Oaxaca,,https://www.google.com/maps/place/Hotel+Casa+Oaxaca/data=!4m2!3m1!1s0x85c7223efa0d9d6f:0x623ecb069a7407ae,,
Itanoní,,https://www.google.com/maps/place/Itanon%C3%AD/data=!4m2!3m1!1s0x85c7222e51ee0b33:0x67a3fc761a6bdb62,,
Marco Polo Seafood Restaurant,,https://www.google.com/maps/place/Marco+Polo+Seafood+Restaurant/data=!4m2!3m1!1s0x85c7223a439641e9:0x748ca5a521b10918,,
Hotel CondesaDF,,https://www.google.com/maps/place/Hotel+CondesaDF/data=!4m2!3m1!1s0x85d1fef8b0f24013:0x4be22117df194629,,
Pizza Félix,,https://www.google.com/maps/place/Pizza+F%C3%A9lix/data=!4m2!3m1!1s0x85d1ff3ac11fd61f:0x67b58983359accab,,
Yakumanka,,https://www.google.com/maps/place/Yakumanka/data=!4m2!3m1!1s0x85d1ffae31c80dbf:0x9ec4de43b4904efe,,
Eno,,https://www.google.com/maps/place/Eno/data=!4m2!3m1!1s0x85d1ff3a4ca89963:0x7043ea334c0e8aa,,
Pujol,,https://www.google.com/maps/place/Pujol/data=!4m2!3m1!1s0x85d1f8ab75b39d59:0xa1b937b5fe14fb16,,
Contramar,,https://www.google.com/maps/place/Contramar/data=!4m2!3m1!1s0x85d1ff2fbf2f3f7b:0xe8a4468e5f14a3f,,
Cantaritos el Güero,,https://www.google.com/maps/place/Cantaritos+el+G%C3%BCero/data=!4m2!3m1!1s0x8426170566424a4b:0x68d0a3b104ded7bf,,
La Capilla,,https://www.google.com/maps/place/La+Capilla/data=!4m2!3m1!1s0x842615c1fb50812d:0x166b59d284d9f1e9,,
Hotel Solar de las Ánimas,,https://www.google.com/maps/place/Hotel+Solar+de+las+%C3%81nimas/data=!4m2!3m1!1s0x842615ea2c647aa1:0xa91d1be219b292c2,,
El Korita Mexican Restaurant,,https://www.google.com/maps/place/El+Korita+Mexican+Restaurant/data=!4m2!3m1!1s0x8741b29146ff8ab1:0x7bbd0c565e52b10e,,
Mustard's Last Stand,,https://www.google.com/maps/place/Mustard's+Last+Stand/data=!4m2!3m1!1s0x876bec25917aa285:0x6caa7f6ffc14e0cf,,
Arcana,,https://www.google.com/maps/place/Arcana/data=!4m2!3m1!1s0x876bec26b72c022d:0xc9e4e0082455eabf,,
Basta,,https://www.google.com/maps/place/Basta/data=!4m2!3m1!1s0x876bedc356593f3d:0x6c7047ff0442bb19,,
Efrain's II Mexican Restaurant,,https://www.google.com/maps/place/Efrain's+II+Mexican+Restaurant/data=!4m2!3m1!1s0x876bf21216a22bdb:0x3304f5f91cd3b65d,,
The Crawford Hotel,,https://www.google.com/maps/place/The+Crawford+Hotel/data=!4m2!3m1!1s0x876c78c309f3382f:0x52ca3cb5f8ec19e9,,
D'Corazon Mexican Restaurant,,https://www.google.com/maps/place/D'Corazon+Mexican+Restaurant/data=!4m2!3m1!1s0x876c78c4f18ed9c9:0xddacc464adf52286,,
Hop Alley,,https://www.google.com/maps/place/Hop+Alley/data=!4m2!3m1!1s0x876c791a77bc3e8b:0x9c545145b9bf319c,,
Cart-Driver,,https://www.google.com/maps/place/Cart-Driver/data=!4m2!3m1!1s0x876c78dfef72a405:0x45f4678c8f08caab,,
Tavernetta,,https://www.google.com/maps/place/Tavernetta/data=!4m2!3m1!1s0x876c78c3d00cf2e5:0xbb92ff2e99f2e76f,,
Chinati Foundation,,https://www.google.com/maps/place/Chinati+Foundation/data=!4m2!3m1!1s0x86efb0bebdf2fe7d:0x385bc8bcae69e2c,,
Arizona-Sonora Desert Museum,,https://www.google.com/maps/place/Arizona-Sonora+Desert+Museum/data=!4m2!3m1!1s0x86d5dec78c7543c5:0x11caa587c49ed11f,,
Arizona Inn,,https://www.google.com/maps/place/Arizona+Inn/data=!4m2!3m1!1s0x86d671a4daa3d15d:0x705416f67af222cc,,
Hotel Congress,,https://www.google.com/maps/place/Hotel+Congress/data=!4m2!3m1!1s0x86d670e240efaee3:0xdffb6a03465761fd,,
El Charro Café,,https://www.google.com/maps/place/El+Charro+Caf%C3%A9/data=!4m2!3m1!1s0x86d6711f7d4389d9:0xc9a4b3839d4ad318,,
The Little One,,https://www.google.com/maps/place/The+Little+One/data=!4m2!3m1!1s0x86d6711fca42d581:0x1d9f7c0e65b64855,,
Mariscos Chihuahua,,https://www.google.com/maps/place/Mariscos+Chihuahua/data=!4m2!3m1!1s0x86d67a769ae68e75:0x1a818a668e436fc4,,
Jerome,,https://www.google.com/maps/place/Jerome/data=!4m2!3m1!1s0x872d0f906de9e79b:0xf663f24f2b55668b,,
Pizzeria Bianco,,https://www.google.com/maps/place/Pizzeria+Bianco/data=!4m2!3m1!1s0x872b121c2089dfe7:0xf24445b5df824c2,,
The Cosmopolitan Las Vegas,,https://www.google.com/maps/place/The+Cosmopolitan+Las+Vegas/data=!4m2!3m1!1s0x80c8c43105c1ff4f:0x6d0f5e8df39e7c48,,
Estiatorio Milos,,https://www.google.com/maps/place/Estiatorio+Milos/data=!4m2!3m1!1s0x80c8c43105c1ff4f:0x3882b04296c1c836,,
Lotus of Siam,,https://www.google.com/maps/place/Lotus+of+Siam/data=!4m2!3m1!1s0x80c8c47decbe13bf:0x601671d9c1b61a37,,
Lamaii,,https://www.google.com/maps/place/Lamaii/data=!4m2!3m1!1s0x80c8c79f6b9d8f2f:0x7b88c1670ba43077,,
Taylor Shellfish Oyster Bar,,https://www.google.com/maps/place/Taylor+Shellfish+Oyster+Bar/data=!4m2!3m1!1s0x54906acadcf1f24f:0xe1fe43d1d1f8cdeb,,
Cafe Campagne,,https://www.google.com/maps/place/Cafe+Campagne/data=!4m2!3m1!1s0x54906ab2dd12fa59:0x52b2957ee837cc7b,,
Inn at the Market,,https://www.google.com/maps/place/Inn+at+the+Market/data=!4m2!3m1!1s0x54906ab2dd6f28b1:0xa76a595555dfc9c3,,
The Corson Building,,https://www.google.com/maps/place/The+Corson+Building/data=!4m2!3m1!1s0x549041c1e2a36c69:0xa034b25d8fd84aac,,
The Walrus and the Carpenter,,https://www.google.com/maps/place/The+Walrus+and+the+Carpenter/data=!4m2!3m1!1s0x549015b8617bf16f:0x9972ed637e066c6d,,
Absinthe Brasserie & Bar,,https://www.google.com/maps/place/Absinthe+Brasserie+%26+Bar/data=!4m2!3m1!1s0x8085809895883fd5:0x592c2acea68c6fe6,,
Rintaro,,https://www.google.com/maps/place/Rintaro/data=!4m2!3m1!1s0x808f7e26791dc281:0xe147a1d9e33e11d4,,
Colibri,,https://www.google.com/maps/place/Colibri/data=!4m2!3m1!1s0x8085808e51a45ef3:0x229c49fd51b56861,,
Passionfish,,https://www.google.com/maps/place/Passionfish/data=!4m2!3m1!1s0x808de148e4e675a5:0x4303513f106fb5e3,,
Cora's Coffee Shoppe,,https://www.google.com/maps/place/Cora's+Coffee+Shoppe/data=!4m2!3m1!1s0x80c2a4d5cc2b2b69:0xf3bab2341e79b41e,,
Fishing With Dynamite,,https://www.google.com/maps/place/Fishing+With+Dynamite/data=!4m2!3m1!1s0x80c2b3eb7f6ac1c7:0x5d91ba0340ec0836,,
Mori Sushi,,https://www.google.com/maps/place/Mori+Sushi/data=!4m2!3m1!1s0x80c2bb09841cf187:0x47e7960effdfcffc,,
