Name,status
Andrew’s Cheese Shop,active
The Cheese Store of Beverly Hills,active
DTLA Cheese Superette,active
Milkfarm,active
Monsieur Marcel,active
Kustaa Cheese & Wine,active
"Larchmont Village Wine, Spirits & Cheese",active
A Cut Above Butcher Shop,active
McCall’s Meat & Fish Co.,active
Vicente Foods,active
Bay Cities Italian Deli & Bakery,active
The Gourmet Animal,active
Eagle Rock Italian Bakery & Deli,active
Buvon’s Restaurant (Santa Monica),active
Voodoo Vin,active
Café Triste LA,active
Stir Crazy LA,active
Mirabelle Wine Bar,active
Del Re Wine Bar,permanently_closed
Pop’s Bagels,active
Layla Bagels,active
Courage Bagels,active
Belle’s Bagels,active
Wake & Late,active
Calic Bagel,active
Mustard’s Bagels,active
Boichik Bagels,active
Western Bagel,active
Surfas Culinary District,active
Tabula Rasa Bar,active
Bar Covell,active
Antico Nuovo,active
A.O.C.,active
Anajak Thai,active
Bavel,active
Botanica,active
Dunsmoor,active
Felix,active
Grá Restaurant,active
Jon & Vinny’s,active
Terroni,active
Tsubaki,active
Picnic Coffee,active
Felix & Pierre’s Picnic Shop,active
Esters Wine Shop & Bar,permanently_closed
