name,source
"n/naka,editorial_era_intake,editorial_era_intake",editorial_era_intake
"Hayato,editorial_era_intake,editorial_era_intake",editorial_era_intake
"Kato,editorial_era_intake,editorial_era_intake",editorial_era_intake
"Providence,editorial_era_intake,editorial_era_intake",editorial_era_intake
"Bavel,editorial_era_intake,editorial_era_intake",editorial_era_intake
"Jitlada,editorial_era_intake,editorial_era_intake",editorial_era_intake
"Soban,editorial_era_intake,editorial_era_intake",editorial_era_intake
"Holbox,editorial_era_intake,editorial_era_intake",editorial_era_intake
"Baroo,editorial_era_intake,editorial_era_intake",editorial_era_intake
"Osteria Mozza,editorial_era_intake,editorial_era_intake",editorial_era_intake
"Chi Spacca,editorial_era_intake,editorial_era_intake",editorial_era_intake
"République,editorial_era_intake,editorial_era_intake",editorial_era_intake
"Restaurant Ki,editorial_era_intake,editorial_era_intake",editorial_era_intake
"Tacos Los Cholos,editorial_era_intake,editorial_era_intake",editorial_era_intake
"Mariscos Jalisco,editorial_era_intake,editorial_era_intake",editorial_era_intake
"Sushi Kaneyoshi,editorial_era_intake,editorial_era_intake",editorial_era_intake
"Leo’s Taco Truck,editorial_era_intake,editorial_era_intake",editorial_era_intake
"Camphor,editorial_era_intake,editorial_era_intake",editorial_era_intake
"Sushi Sonagi,editorial_era_intake,editorial_era_intake",editorial_era_intake
"Funke,editorial_era_intake,editorial_era_intake",editorial_era_intake
"Pizzeria Sei,editorial_era_intake,editorial_era_intake",editorial_era_intake
"Tomat,editorial_era_intake,editorial_era_intake",editorial_era_intake
"Kuya Lord,editorial_era_intake,editorial_era_intake",editorial_era_intake
"Petit Trois,editorial_era_intake,editorial_era_intake",editorial_era_intake
"Dulan’s Soul Food Kitchen,editorial_era_intake,editorial_era_intake",editorial_era_intake
"Dunsmoor,editorial_era_intake,editorial_era_intake",editorial_era_intake
"Azizam,editorial_era_intake,editorial_era_intake",editorial_era_intake
"Yang’s Kitchen,editorial_era_intake,editorial_era_intake",editorial_era_intake
"Park’s BBQ,editorial_era_intake,editorial_era_intake",editorial_era_intake
"Luv2eat Thai Bistro,editorial_era_intake,editorial_era_intake",editorial_era_intake
"Mini Kabob,editorial_era_intake,editorial_era_intake",editorial_era_intake
"Bistro Na's,editorial_era_intake,editorial_era_intake",editorial_era_intake
"Sushi Gen,editorial_era_intake,editorial_era_intake",editorial_era_intake
"Henry’s Cuisine,editorial_era_intake,editorial_era_intake",editorial_era_intake
"Anajak Thai,editorial_era_intake,editorial_era_intake",editorial_era_intake
"Camélia,editorial_era_intake,editorial_era_intake",editorial_era_intake
"Chengdu Taste,editorial_era_intake,editorial_era_intake",editorial_era_intake
"RVR,editorial_era_intake,editorial_era_intake",editorial_era_intake
"Guelaguetza,editorial_era_intake,editorial_era_intake",editorial_era_intake
"Langer’s Deli,editorial_era_intake,editorial_era_intake",editorial_era_intake
