Name,,,,,,
SUSHI,,,,,,
n/naka,,,,,,
Hayato,,,,,,
Sushi Kaneyoshi,,,,,,
Nozawa Bar,,,,,,
KUSANO,,,,,,
Mori Nozomi,,,,,,
Shunji Japanese Cuisine,,,,,,
Sushi Gen,,,,,,
Hama Sushi,,,,,,
SUGARFISH by sushi nozawa,,,,,,
Asanebo,,,,,,
Sushi Tomoki,,,,,,
Kenbey Sushi,,,,,,
Sonmari,,,,,,
Echigo,,,,,,
U-Zen,,,,,,
Hamasaku,,,,,,
Sushi Enya Sawtelle,,,,,,
Sushi Enya Beverly Hills,,,,,,
Nobu Los Angeles,,,,,,
Koi Los Angeles,,,,,,
Mutsu,,,,,,
Morihiro,,,,,,
Izakaya Osen,,,,,,
Te Isshoku,,,,,,
Te Isshoku,,,,,,